,ISO3,VACCINE_NAME,PRODUCT_NAME,COMPANY_NAME,AUTHORIZATION_DATE,START_DATE,END_DATE,COMMENT,DATA_SOURCE
0,ABW,Pfizer BioNTech - Comirnaty,Comirnaty,Pfizer BioNTech,,2021-02-17,,,REPORTING
1,ABW,Janssen - Ad26.COV 2.5,Ad26.COV 2.5,Janssen Pharmaceuticals,,,,,REPORTING
2,AFG,SII - Covishield,Covishield,Serum Institute of India,2021-02-23,2021-02-22,,,REPORTING
3,AFG,Pfizer BioNTech - Comirnaty,Comirnaty,Pfizer BioNTech,,,,,REPORTING
4,AFG,Janssen - Ad26.COV 2.5,Ad26.COV 2.5,Janssen Pharmaceuticals,,,,,REPORTING
5,AFG,Beijing CNBG - BBIBP-CorV,BBIBP-CorV,Beijing Bio-Institute Biological Products (CNBG),,,,,REPORTING
6,AGO,SII - Covishield,Covishield,Serum Institute of India,,2021-03-10,,,REPORTING
7,AIA,AstraZeneca - Vaxzevria,Vaxzevria,AstraZeneca,,2021-02-05,,,REPORTING
8,ALB,AstraZeneca - Vaxzevria,Vaxzevria,AstraZeneca,,2021-03-10,,,REPORTING
9,ALB,Gamaleya - Sputnik V,Sputnik V,Gamaleya Research Institute,,2021-03-24,,,REPORTING
10,ALB,Pfizer BioNTech - Comirnaty,Comirnaty,Pfizer BioNTech,,2021-01-13,,,REPORTING
11,ALB,Sinovac - CoronaVac,Coronavac,Sinovac,,2021-03-24,,,REPORTING
12,ALB,SII - Covishield,Covishield,Serum Institute of India,,2021-04-21,,,REPORTING
13,AND,Pfizer BioNTech - Comirnaty,Comirnaty,Pfizer BioNTech,,2021-01-20,,,REPORTING
14,AND,Moderna - mRNA-1273,mRNA-1273,Moderna,,2021-07-14,,,REPORTING
15,AND,AstraZeneca - Vaxzevria,Vaxzevria,AstraZeneca,,2021-03-03,,,REPORTING
16,ARE,AstraZeneca - Vaxzevria,Vaxzevria,AstraZeneca,,2020-12-14,,,REPORTING
17,ARE,Gamaleya - Sputnik V,Sputnik V,Gamaleya Research Institute,,,,,REPORTING
18,ARE,Beijing CNBG - BBIBP-CorV,BBIBP-CorV,Beijing Bio-Institute Biological Products (CNBG),,,,,REPORTING
19,ARE,Pfizer BioNTech - Comirnaty,Comirnaty,Pfizer BioNTech,,,,,REPORTING
20,ARE,SII - Covishield,Covishield,Serum Institute of India,,,,,REPORTING
21,ARG,SII - Covishield,Covishield,Serum Institute of India,,2021-02-21,,,REPORTING
22,ARG,Moderna - mRNA-1273,mRNA-1273,Moderna,,2021-08-02,,,REPORTING
23,ARG,Beijing CNBG - BBIBP-CorV,BBIBP-CorV,Beijing Bio-Institute Biological Products (CNBG),,2021-03-02,,,REPORTING
24,ARG,Gamaleya - Sputnik V,Sputnik V,Gamaleya Research Institute,,2020-12-29,,,REPORTING
25,ARG,AstraZeneca - Vaxzevria,Vaxzevria,AstraZeneca,,2021-03-30,,,REPORTING
26,ARM,AstraZeneca - Vaxzevria,Vaxzevria,AstraZeneca,,2021-06-16,,,REPORTING
27,ARM,Gamaleya - Sputnik V,Sputnik V,Gamaleya Research Institute,,2021-06-16,,,REPORTING
28,ARM,Beijing CNBG - BBIBP-CorV,BBIBP-CorV,Beijing Bio-Institute Biological Products (CNBG),,2021-08-18,,,REPORTING
29,ARM,Sinovac - CoronaVac,Coronavac,Sinovac,,2021-06-16,,,REPORTING
30,ASM,Janssen - Ad26.COV 2.5,Ad26.COV 2.5,Janssen Pharmaceuticals,,,,,REPORTING
31,ASM,Pfizer BioNTech - Comirnaty,Comirnaty,Pfizer BioNTech,,2020-12-21,,,REPORTING
32,ASM,Moderna - mRNA-1273,mRNA-1273,Moderna,,2020-12-23,,,REPORTING
33,ATG,Beijing CNBG - BBIBP-CorV,BBIBP-CorV,Beijing Bio-Institute Biological Products (CNBG),,,,,REPORTING
34,ATG,Gamaleya - Sputnik V,Sputnik V,Gamaleya Research Institute,,,,,REPORTING
35,ATG,AstraZeneca - Vaxzevria,Vaxzevria,AstraZeneca,,,,,REPORTING
36,ATG,Pfizer BioNTech - Comirnaty,Comirnaty,Pfizer BioNTech,,,,,REPORTING
37,ATG,SII - Covishield,Covishield,Serum Institute of India,,2021-02-19,,,REPORTING
38,AUS,Novavax - Covavax,Covavax,Novavax,,,,,REPORTING
39,AUS,AstraZeneca - Vaxzevria,Vaxzevria,AstraZeneca,2021-02-16,2021-02-21,,,REPORTING
40,AUS,Pfizer BioNTech - Comirnaty,Comirnaty,Pfizer BioNTech,2021-01-25,2021-02-21,,,REPORTING
41,AUT,Pfizer BioNTech - Comirnaty,Comirnaty,Pfizer BioNTech,,2020-12-30,,,REPORTING
42,AUT,AstraZeneca - Vaxzevria,Vaxzevria,AstraZeneca,,2021-02-10,,,REPORTING
43,AUT,Janssen - Ad26.COV 2.5,Ad26.COV 2.5,Janssen Pharmaceuticals,,2021-02-03,,,REPORTING
44,AUT,Moderna - mRNA-1273,mRNA-1273,Moderna,,2021-01-13,,,REPORTING
45,AZE,Pfizer BioNTech - Comirnaty,Comirnaty,Pfizer BioNTech,,2021-06-09,,,REPORTING
46,AZE,AstraZeneca - Vaxzevria,Vaxzevria,AstraZeneca,,2021-05-05,,,REPORTING
47,AZE,Gamaleya - Sputnik V,Sputnik V,Gamaleya Research Institute,,2021-05-19,,,REPORTING
48,AZE,Sinovac - CoronaVac,Coronavac,Sinovac,,2021-01-20,,,REPORTING
49,BEL,Janssen - Ad26.COV 2.5,Ad26.COV 2.5,Janssen Pharmaceuticals,,2021-04-28,,,REPORTING
50,BEL,Pfizer BioNTech - Comirnaty,Comirnaty,Pfizer BioNTech,,2020-12-30,,,REPORTING
51,BEL,Moderna - mRNA-1273,mRNA-1273,Moderna,,2021-01-13,,,REPORTING
52,BEL,AstraZeneca - Vaxzevria,Vaxzevria,AstraZeneca,,2021-02-10,,,REPORTING
53,BEN,Sinovac - CoronaVac,Coronavac,Sinovac,2021-02-26,2021-03-29,,,REPORTING
54,BEN,SII - Covishield,Covishield,Serum Institute of India,2021-02-24,2021-03-29,,,REPORTING
55,BES,Moderna - mRNA-1273,mRNA-1273,Moderna,,2021-02-22,,,REPORTING
56,BES,Pfizer BioNTech - Comirnaty,Comirnaty,Pfizer BioNTech,,,,,REPORTING
57,BFA,SII - Covishield,Covishield,Serum Institute of India,2021-05-21,2021-06-02,,,REPORTING
58,BGD,Sinovac - CoronaVac,Coronavac,Sinovac,2021-06-06,,,,REPORTING
59,BGD,SII - Covishield,Covishield,Serum Institute of India,2021-01-07,2021-01-27,,,REPORTING
60,BGD,Pfizer BioNTech - Comirnaty,Comirnaty,Pfizer BioNTech,2021-03-08,2021-06-21,,,REPORTING
61,BGD,Moderna - mRNA-1273,mRNA-1273,Moderna,2021-06-27,2021-07-13,,,REPORTING
62,BGD,Janssen - Ad26.COV 2.5,Ad26.COV 2.5,Janssen Pharmaceuticals,2021-06-15,,,,REPORTING
63,BGD,Gamaleya - Sputnik V,Sputnik V,Gamaleya Research Institute,2021-04-27,,,,REPORTING
64,BGD,Beijing CNBG - BBIBP-CorV,BBIBP-CorV,Beijing Bio-Institute Biological Products (CNBG),2021-04-29,2021-05-25,,,REPORTING
65,BGD,AstraZeneca - Vaxzevria,Vaxzevria,AstraZeneca,2021-06-23,,,,REPORTING
66,BGR,Moderna - mRNA-1273,mRNA-1273,Moderna,,2021-01-13,,,REPORTING
67,BGR,AstraZeneca - Vaxzevria,Vaxzevria,AstraZeneca,,2021-02-03,,,REPORTING
68,BGR,Pfizer BioNTech - Comirnaty,Comirnaty,Pfizer BioNTech,,2020-12-30,,,REPORTING
69,BGR,Janssen - Ad26.COV 2.5,Ad26.COV 2.5,Janssen Pharmaceuticals,,2021-05-12,,,REPORTING
70,BHR,SII - Covishield,Covishield,Serum Institute of India,,2020-12-25,,,REPORTING
71,BHR,Moderna - mRNA-1273,mRNA-1273,Moderna,,,,,REPORTING
72,BHR,Pfizer BioNTech - Comirnaty,Comirnaty,Pfizer BioNTech,,,,,REPORTING
73,BHR,Janssen - Ad26.COV 2.5,Ad26.COV 2.5,Janssen Pharmaceuticals,,,,,REPORTING
74,BHR,AstraZeneca - Vaxzevria,Vaxzevria,AstraZeneca,,,,,REPORTING
75,BHR,Beijing CNBG - BBIBP-CorV,BBIBP-CorV,Beijing Bio-Institute Biological Products (CNBG),2020-11-03,2020-11-04,,,REPORTING
76,BHR,Gamaleya - Sputnik V,Sputnik V,Gamaleya Research Institute,,,,,REPORTING
77,BHS,Pfizer BioNTech - Comirnaty,Comirnaty,Pfizer BioNTech,,,,,REPORTING
78,BHS,AstraZeneca - Vaxzevria,Vaxzevria,AstraZeneca,,,,,REPORTING
79,BHS,SII - Covishield,Covishield,Serum Institute of India,,2021-03-14,,,REPORTING
80,BIH,AstraZeneca - AZD1222,AZD1222,AstraZeneca,,,,,OWID
81,BIH,Pfizer BioNTech - Comirnaty,Comirnaty,Pfizer BioNTech,,,,,OWID
82,BIH,Sinovac - CoronaVac,Coronavac,Sinovac,,,,,OWID
83,BIH,Gamaleya - Sputnik V,Sputnik V,Gamaleya Research Institute,,,,,OWID
84,BLR,Gamaleya - Sputnik V,Sputnik V,Gamaleya Research Institute,,2021-02-03,,,REPORTING
85,BLR,Beijing CNBG - BBIBP-CorV,BBIBP-CorV,Beijing Bio-Institute Biological Products (CNBG),,2021-03-24,,,REPORTING
86,BLZ,Beijing CNBG - BBIBP-CorV,BBIBP-CorV,Beijing Bio-Institute Biological Products (CNBG),,2021-05-18,,,REPORTING
87,BLZ,Pfizer BioNTech - Comirnaty,Comirnaty,Pfizer BioNTech,,2021-08-21,,,REPORTING
88,BLZ,AstraZeneca - Vaxzevria,Vaxzevria,AstraZeneca,,2021-04-07,,,REPORTING
89,BLZ,SII - Covishield,Covishield,Serum Institute of India,,2021-03-01,,,REPORTING
90,BMU,Pfizer BioNTech - Comirnaty,Comirnaty,Pfizer BioNTech,,2021-01-11,,,REPORTING
91,BMU,AstraZeneca - Vaxzevria,Vaxzevria,AstraZeneca,,2021-05-07,,,REPORTING
92,BOL,Beijing CNBG - BBIBP-CorV,BBIBP-CorV,Beijing Bio-Institute Biological Products (CNBG),,,,,REPORTING
93,BOL,Gamaleya - Sputnik V,Sputnik V,Gamaleya Research Institute,,2021-01-30,,,REPORTING
94,BOL,Pfizer BioNTech - Comirnaty,Comirnaty,Pfizer BioNTech,,2021-04-30,,,REPORTING
95,BOL,Janssen - Ad26.COV 2.5,Ad26.COV 2.5,Janssen Pharmaceuticals,,,,,REPORTING
96,BOL,SII - Covishield,Covishield,Serum Institute of India,,,,,REPORTING
97,BRA,Sinovac - CoronaVac,Coronavac,Sinovac,,2021-01-17,,,REPORTING
98,BRA,SII - Covishield,Covishield,Serum Institute of India,,2021-01-17,,,REPORTING
99,BRA,Janssen - Ad26.COV 2.5,Ad26.COV 2.5,Janssen Pharmaceuticals,,,,,REPORTING
100,BRA,Pfizer BioNTech - Comirnaty,Comirnaty,Pfizer BioNTech,,2021-05-03,,,REPORTING
101,BRA,AstraZeneca - Vaxzevria,Vaxzevria,AstraZeneca,,,,,REPORTING
102,BRB,AstraZeneca - Vaxzevria,Vaxzevria,AstraZeneca,,,,,REPORTING
103,BRB,Pfizer BioNTech - Comirnaty,Comirnaty,Pfizer BioNTech,,,,,REPORTING
104,BRB,Beijing CNBG - BBIBP-CorV,BBIBP-CorV,Beijing Bio-Institute Biological Products (CNBG),,2021-06-30,,,REPORTING
105,BRB,SII - Covishield,Covishield,Serum Institute of India,,2021-02-10,,,REPORTING
106,BRN,Janssen - Ad26.COV 2.5,Ad26.COV 2.5,Janssen Pharmaceuticals,,,,,REPORTING
107,BRN,Beijing CNBG - BBIBP-CorV,BBIBP-CorV,Beijing Bio-Institute Biological Products (CNBG),2021-02-03,2021-04-03,,,REPORTING
108,BRN,AstraZeneca - Vaxzevria,Vaxzevria,AstraZeneca,2021-02-22,2021-04-03,,,REPORTING
109,BRN,Pfizer BioNTech - Comirnaty,Comirnaty,Pfizer BioNTech,,,,,REPORTING
110,BRN,Moderna - mRNA-1273,mRNA-1273,Moderna,2021-04-09,2021-06-21,,,REPORTING
111,BTN,Pfizer BioNTech - Comirnaty,Comirnaty,Pfizer BioNTech,2021-03-08,2021-07-20,,,REPORTING
112,BTN,Moderna - mRNA-1273,mRNA-1273,Moderna,2021-06-22,2021-07-20,,,REPORTING
113,BTN,AstraZeneca - Vaxzevria,Vaxzevria,AstraZeneca,2021-06-17,,,,REPORTING
114,BTN,Beijing CNBG - BBIBP-CorV,BBIBP-CorV,Beijing Bio-Institute Biological Products (CNBG),2021-03-16,2021-07-20,,,REPORTING
115,BTN,SII - Covishield,Covishield,Serum Institute of India,2021-01-21,2021-03-27,,,REPORTING
116,BWA,SII - Covishield,Covishield,Serum Institute of India,,2021-03-26,,,REPORTING
117,BWA,Sinovac - CoronaVac,Coronavac,Sinovac,2021-04-08,2021-03-26,,,REPORTING
118,BWA,Pfizer BioNTech - Comirnaty,Comirnaty,Pfizer BioNTech,2021-02-25,2021-03-26,,,REPORTING
119,BWA,Moderna - mRNA-1273,mRNA-1273,Moderna,2021-04-14,2021-03-26,,,REPORTING
120,CAF,Bharat - Covaxin,Covaxin,Bharat Biotech,2021-02-26,2021-03-19,,,REPORTING
121,CAF,SII - Covishield,Covishield,Serum Institute of India,2021-02-26,2021-03-19,,,REPORTING
122,CAN,SII - Covishield,Covishield,Serum Institute of India,,,,,REPORTING
123,CAN,Moderna - mRNA-1273,mRNA-1273,Moderna,,,,,REPORTING
124,CAN,Pfizer BioNTech - Comirnaty,Comirnaty,Pfizer BioNTech,,2020-12-14,,,REPORTING
125,CHE,Moderna - mRNA-1273,mRNA-1273,Moderna,,2020-12-23,,,REPORTING
126,CHE,Pfizer BioNTech - Comirnaty,Comirnaty,Pfizer BioNTech,,2020-12-23,,,REPORTING
127,CHL,Pfizer BioNTech - Comirnaty,Comirnaty,Pfizer BioNTech,,2020-12-21,,,REPORTING
128,CHL,CanSino - Ad5-nCOV,Ad5-nCOV,CanSino Biologicals,,,,,REPORTING
129,CHL,AstraZeneca - Vaxzevria,Vaxzevria,AstraZeneca,,2021-04-28,,,REPORTING
130,CHL,Sinovac - CoronaVac,Coronavac,Sinovac,,2021-02-03,,,REPORTING
131,CHN,Sinovac - CoronaVac,Coronavac,Sinovac,2020-07-22,,,,REPORTING
132,CHN,CanSino - Ad5-nCOV,Ad5-nCOV,CanSino Biologicals,2021-02-25,,,,REPORTING
133,CHN,Wuhan CNBG - Inactivated,Inactivated SARS-CoV-2 vaccine,Wuhan Institute of Biological Products (CNBG),2020-07-22,,,,REPORTING
134,CHN,Beijing CNBG - BBIBP-CorV,BBIBP-CorV,Beijing Bio-Institute Biological Products (CNBG),2020-07-22,,,,REPORTING
135,CHN,Anhui ZL - Recombinant,Recombinant SARS-CoV-2 vaccine,Anhui Zhifei Longcom Biopharmaceutical,2021-03-17,,,,REPORTING
136,CHN,Pfizer BioNTech - Comirnaty,Comirnaty,Pfizer BioNTech,2021-01-25,2021-03-06,,,REPORTING
137,CIV,Gamaleya - Sputnik V,Sputnik V,Gamaleya Research Institute,,2021-03-01,,,REPORTING
138,CIV,Beijing CNBG - BBIBP-CorV,BBIBP-CorV,Beijing Bio-Institute Biological Products (CNBG),2021-02-13,,,,REPORTING
139,CIV,SII - Covishield,Covishield,Serum Institute of India,2021-02-13,2021-03-01,,,REPORTING
140,CMR,SII - Covishield,Covishield,Serum Institute of India,2021-03-04,2021-04-12,,,REPORTING
141,CMR,Beijing CNBG - BBIBP-CorV,BBIBP-CorV,Beijing Bio-Institute Biological Products (CNBG),2021-04-01,2021-04-12,,,REPORTING
142,COD,SII - Covishield,Covishield,Serum Institute of India,2021-02-26,2021-04-19,,,REPORTING
143,COG,SII - Covishield,Covishield,Serum Institute of India,2021-03-03,2021-03-23,,,REPORTING
144,COG,Gamaleya - Sputnik V,Sputnik V,Gamaleya Research Institute,2021-03-03,2021-03-23,,,REPORTING
145,COG,Beijing CNBG - BBIBP-CorV,BBIBP-CorV,Beijing Bio-Institute Biological Products (CNBG),2021-03-03,2021-03-23,,,REPORTING
146,COG,Moderna - mRNA-1273,mRNA-1273,Moderna,2021-03-03,2021-03-23,,,REPORTING
147,COK,Pfizer BioNTech - Comirnaty,Comirnaty,Pfizer BioNTech,2021-02-03,2021-05-17,,,REPORTING
148,COL,Pfizer BioNTech - Comirnaty,Comirnaty,Pfizer BioNTech,,2021-02-17,,,REPORTING
149,COL,AstraZeneca - Vaxzevria,Vaxzevria,AstraZeneca,,2021-03-29,,,REPORTING
150,COL,Janssen - Ad26.COV 2.5,Ad26.COV 2.5,Janssen Pharmaceuticals,,2021-06-26,,,REPORTING
151,COL,Moderna - mRNA-1273,mRNA-1273,Moderna,,,,,REPORTING
152,COL,Sinovac - CoronaVac,Coronavac,Sinovac,,2021-02-22,,,REPORTING
153,COM,SII - Covishield,Covishield,Serum Institute of India,,2021-04-10,,,REPORTING
154,COM,Bharat - Covaxin,Covaxin,Bharat Biotech,2021-02-01,2021-04-10,,,REPORTING
155,COM,Beijing CNBG - BBIBP-CorV,BBIBP-CorV,Beijing Bio-Institute Biological Products (CNBG),2021-02-01,2021-04-10,,,REPORTING
156,CPV,Pfizer BioNTech - Comirnaty,Comirnaty,Pfizer BioNTech,2021-02-19,2021-03-18,,,REPORTING
157,CPV,SII - Covishield,Covishield,Serum Institute of India,2021-02-25,2021-03-18,,,REPORTING
158,CRI,Pfizer BioNTech - Comirnaty,Comirnaty,Pfizer BioNTech,,2020-12-24,,,REPORTING
159,CRI,AstraZeneca - Vaxzevria,Vaxzevria,AstraZeneca,,2021-04-19,,,REPORTING
160,CUB,Abdala,,,,,,,OWID
161,CUB,Soberana02,,,,,,,OWID
162,CUW,AstraZeneca - Vaxzevria,Vaxzevria,AstraZeneca,,,,,REPORTING
163,CUW,Pfizer BioNTech - Comirnaty,Comirnaty,Pfizer BioNTech,,2021-02-24,,,REPORTING
164,CUW,Moderna - mRNA-1273,mRNA-1273,Moderna,,,,,REPORTING
165,CYM,Pfizer BioNTech - Comirnaty,Comirnaty,Pfizer BioNTech,,2021-01-15,,,REPORTING
166,CYP,Pfizer BioNTech - Comirnaty,Comirnaty,Pfizer BioNTech,,2020-12-23,,,REPORTING
167,CYP,Moderna - mRNA-1273,mRNA-1273,Moderna,,2021-01-20,,,REPORTING
168,CYP,AstraZeneca - Vaxzevria,Vaxzevria,AstraZeneca,,2021-02-10,,,REPORTING
169,CYP,Janssen - Ad26.COV 2.5,Ad26.COV 2.5,Janssen Pharmaceuticals,,2021-04-28,,,REPORTING
170,CZE,AstraZeneca - Vaxzevria,Vaxzevria,AstraZeneca,,2021-02-10,,,REPORTING
171,CZE,Moderna - mRNA-1273,mRNA-1273,Moderna,,2021-01-06,,,REPORTING
172,CZE,Janssen - Ad26.COV 2.5,Ad26.COV 2.5,Janssen Pharmaceuticals,,2021-03-03,,,REPORTING
173,CZE,Pfizer BioNTech - Comirnaty,Comirnaty,Pfizer BioNTech,,2020-12-23,,,REPORTING
174,DEU,Pfizer BioNTech - Comirnaty,Comirnaty,Pfizer BioNTech,,2020-12-23,,,REPORTING
175,DEU,Moderna - mRNA-1273,mRNA-1273,Moderna,,2021-01-13,,,REPORTING
176,DEU,AstraZeneca - Vaxzevria,Vaxzevria,AstraZeneca,,2021-02-10,,,REPORTING
177,DEU,Janssen - Ad26.COV 2.5,Ad26.COV 2.5,Janssen Pharmaceuticals,,2021-04-21,,,REPORTING
178,DJI,Sinovac - CoronaVac,Coronavac,Sinovac,,,,,REPORTING
179,DJI,SII - Covishield,Covishield,Serum Institute of India,2021-02-22,2021-03-15,,,REPORTING
180,DJI,Janssen - Ad26.COV 2.5,Ad26.COV 2.5,Janssen Pharmaceuticals,,,,,REPORTING
181,DJI,Pfizer BioNTech - Comirnaty,Comirnaty,Pfizer BioNTech,,,,,REPORTING
182,DJI,Beijing CNBG - BBIBP-CorV,BBIBP-CorV,Beijing Bio-Institute Biological Products (CNBG),,,,,REPORTING
183,DJI,Gamaleya - Sputnik V,Sputnik V,Gamaleya Research Institute,,,,,REPORTING
184,DMA,Beijing CNBG - BBIBP-CorV,BBIBP-CorV,Beijing Bio-Institute Biological Products (CNBG),,2021-03-11,,,REPORTING
185,DMA,AstraZeneca - Vaxzevria,Vaxzevria,AstraZeneca,,2021-04-07,,,REPORTING
186,DMA,Pfizer BioNTech - Comirnaty,Comirnaty,Pfizer BioNTech,,,,,REPORTING
187,DMA,SII - Covishield,Covishield,Serum Institute of India,,2021-02-12,,,REPORTING
188,DNK,Janssen - Ad26.COV 2.5,Ad26.COV 2.5,Janssen Pharmaceuticals,,2021-05-19,,,REPORTING
189,DNK,Moderna - mRNA-1273,mRNA-1273,Moderna,,2021-01-13,,,REPORTING
190,DNK,AstraZeneca - Vaxzevria,Vaxzevria,AstraZeneca,,2021-02-10,,,REPORTING
191,DNK,Pfizer BioNTech - Comirnaty,Comirnaty,Pfizer BioNTech,,2020-12-30,,,REPORTING
192,DOM,AstraZeneca - Vaxzevria,Vaxzevria,AstraZeneca,,,,,REPORTING
193,DOM,Sinovac - CoronaVac,Coronavac,Sinovac,,2021-02-24,,,REPORTING
194,DOM,SII - Covishield,Covishield,Serum Institute of India,,2021-02-16,,,REPORTING
195,DZA,SII - Covishield,Covishield,Serum Institute of India,,2021-01-30,,,REPORTING
196,DZA,Beijing CNBG - BBIBP-CorV,BBIBP-CorV,Beijing Bio-Institute Biological Products (CNBG),,2021-01-30,,,REPORTING
197,DZA,Gamaleya - Sputnik V,Sputnik V,Gamaleya Research Institute,2021-01-10,2021-01-30,,,REPORTING
198,ECU,AstraZeneca - Vaxzevria,Vaxzevria,AstraZeneca,,,,,REPORTING
199,ECU,CanSino - Ad5-nCOV,Ad5-nCOV,CanSino Biologicals,,2021-12-08,,,REPORTING
200,ECU,Pfizer BioNTech - Comirnaty,Comirnaty,Pfizer BioNTech,,2021-01-21,,,REPORTING
201,ECU,Sinovac - CoronaVac,Coronavac,Sinovac,,,,,REPORTING
202,EGY,Sinovac - CoronaVac,Coronavac,Sinovac,,,,,REPORTING
203,EGY,Pfizer BioNTech - Comirnaty,Comirnaty,Pfizer BioNTech,,,,,REPORTING
204,EGY,Beijing CNBG - BBIBP-CorV,BBIBP-CorV,Beijing Bio-Institute Biological Products (CNBG),,,,,REPORTING
205,EGY,Gamaleya - Sputnik V,Sputnik V,Gamaleya Research Institute,,,,,REPORTING
206,EGY,AstraZeneca - Vaxzevria,Vaxzevria,AstraZeneca,2020-12-30,2021-01-24,,,REPORTING
207,EGY,Janssen - Ad26.COV 2.5,Ad26.COV 2.5,Janssen Pharmaceuticals,,,,,REPORTING
208,ESP,Moderna - mRNA-1273,mRNA-1273,Moderna,,2021-01-13,,,REPORTING
209,ESP,AstraZeneca - Vaxzevria,Vaxzevria,AstraZeneca,,2021-02-10,,,REPORTING
210,ESP,Pfizer BioNTech - Comirnaty,Comirnaty,Pfizer BioNTech,,2020-12-30,,,REPORTING
211,ESP,Janssen - Ad26.COV 2.5,Ad26.COV 2.5,Janssen Pharmaceuticals,,2021-04-21,,,REPORTING
212,EST,Janssen - Ad26.COV 2.5,Ad26.COV 2.5,Janssen Pharmaceuticals,,2021-04-28,,,REPORTING
213,EST,Pfizer BioNTech - Comirnaty,Comirnaty,Pfizer BioNTech,,2020-12-23,,,REPORTING
214,EST,AstraZeneca - Vaxzevria,Vaxzevria,AstraZeneca,,2021-02-17,,,REPORTING
215,EST,Moderna - mRNA-1273,mRNA-1273,Moderna,,2021-01-20,,,REPORTING
216,ETH,Bharat - Covaxin,Covaxin,Bharat Biotech,2021-03-03,2021-03-13,,,REPORTING
217,ETH,Beijing CNBG - BBIBP-CorV,BBIBP-CorV,Beijing Bio-Institute Biological Products (CNBG),2021-03-05,2021-03-13,,,REPORTING
218,ETH,SII - Covishield,Covishield,Serum Institute of India,2021-03-03,2021-03-13,,,REPORTING
219,FIN,Janssen - Ad26.COV 2.5,Ad26.COV 2.5,Janssen Pharmaceuticals,,2020-12-23,,,REPORTING
220,FIN,AstraZeneca - Vaxzevria,Vaxzevria,AstraZeneca,,2020-12-30,,,REPORTING
221,FIN,Moderna - mRNA-1273,mRNA-1273,Moderna,,2020-12-23,,,REPORTING
222,FIN,Pfizer BioNTech - Comirnaty,Comirnaty,Pfizer BioNTech,,2020-12-23,,,REPORTING
223,FJI,Moderna - mRNA-1273,mRNA-1273,Moderna,,,,,REPORTING
224,FJI,AstraZeneca - Vaxzevria,Vaxzevria,AstraZeneca,2021-02-22,2021-03-07,,,REPORTING
225,FJI,SII - Covishield,Covishield,Serum Institute of India,,2021-04-06,,,REPORTING
226,FLK,AstraZeneca - AZD1222,AZD1222,AstraZeneca,,,,,OWID
227,FRA,Pfizer BioNTech - Comirnaty,Comirnaty,Pfizer BioNTech,,2020-12-30,,,REPORTING
228,FRA,AstraZeneca - Vaxzevria,Vaxzevria,AstraZeneca,,2021-02-03,,,REPORTING
229,FRA,Moderna - mRNA-1273,mRNA-1273,Moderna,,2021-01-13,,,REPORTING
230,FRA,Janssen - Ad26.COV 2.5,Ad26.COV 2.5,Janssen Pharmaceuticals,,2021-04-21,,,REPORTING
231,FRO,Moderna - mRNA-1273,mRNA-1273,Moderna,,,,,OWID
232,FRO,Pfizer BioNTech - Comirnaty,Comirnaty,Pfizer BioNTech,,,,,OWID
233,FSM,Moderna - mRNA-1273,mRNA-1273,Moderna,2020-12-18,2021-01-13,,,REPORTING
234,FSM,Pfizer BioNTech - Comirnaty,Comirnaty,Pfizer BioNTech,,,,,REPORTING
235,FSM,AstraZeneca - Vaxzevria,Vaxzevria,AstraZeneca,,,,,REPORTING
236,FSM,Janssen - Ad26.COV 2.5,Ad26.COV 2.5,Janssen Pharmaceuticals,2021-02-27,,,,REPORTING
237,GAB,Beijing CNBG - BBIBP-CorV,BBIBP-CorV,Beijing Bio-Institute Biological Products (CNBG),,2021-03-23,,,REPORTING
238,GBR,AstraZeneca - Vaxzevria,Vaxzevria,AstraZeneca,,2021-02-08,,,REPORTING
239,GBR,Pfizer BioNTech - Comirnaty,Comirnaty,Pfizer BioNTech,,2020-12-21,,,REPORTING
240,GBR,Moderna - mRNA-1273,mRNA-1273,Moderna,,2021-01-11,,,REPORTING
241,GEO,Pfizer BioNTech - Comirnaty,Comirnaty,Pfizer BioNTech,,2021-03-31,,,REPORTING
242,GEO,Beijing CNBG - BBIBP-CorV,BBIBP-CorV,Beijing Bio-Institute Biological Products (CNBG),,2021-05-05,,,REPORTING
243,GEO,AstraZeneca - Vaxzevria,Vaxzevria,AstraZeneca,,2021-03-17,,,REPORTING
244,GEO,Sinovac - CoronaVac,Coronavac,Sinovac,,2021-05-26,,,REPORTING
245,GGY,Moderna - mRNA-1273,mRNA-1273,Moderna,,,,,OWID
246,GGY,AstraZeneca - AZD1222,AZD1222,AstraZeneca,,,,,OWID
247,GGY,Pfizer BioNTech - Comirnaty,Comirnaty,Pfizer BioNTech,,,,,OWID
248,GHA,Gamaleya - Sputnik V,Sputnik V,Gamaleya Research Institute,2021-02-09,2021-03-02,,,REPORTING
249,GHA,SII - Covishield,Covishield,Serum Institute of India,2021-02-12,2021-03-02,,,REPORTING
250,GIB,Pfizer BioNTech - Comirnaty,Comirnaty,Pfizer BioNTech,,,,,OWID
251,GIN,Gamaleya - Sputnik V,Sputnik V,Gamaleya Research Institute,2021-01-27,2021-03-05,,,REPORTING
252,GIN,Beijing CNBG - BBIBP-CorV,BBIBP-CorV,Beijing Bio-Institute Biological Products (CNBG),2021-02-12,2021-03-05,,,REPORTING
253,GIN,Pfizer BioNTech - Comirnaty,Comirnaty,Pfizer BioNTech,2021-01-27,2021-03-05,,,REPORTING
254,GIN,Sinovac - CoronaVac,Coronavac,Sinovac,2021-04-01,2021-03-05,,,REPORTING
255,GIN,Janssen - Ad26.COV 2.5,Ad26.COV 2.5,Janssen Pharmaceuticals,2021-03-22,2021-03-05,,,REPORTING
256,GIN,SII - Covishield,Covishield,Serum Institute of India,2021-02-18,2021-03-05,,,REPORTING
257,GLP,Pfizer BioNTech - Comirnaty,Comirnaty,Pfizer BioNTech,,2021-01-08,,,REPORTING
258,GLP,Moderna - mRNA-1273,mRNA-1273,Moderna,,,,,REPORTING
259,GLP,AstraZeneca - Vaxzevria,Vaxzevria,AstraZeneca,,,,,REPORTING
260,GMB,Beijing CNBG - BBIBP-CorV,BBIBP-CorV,Beijing Bio-Institute Biological Products (CNBG),,2021-03-10,,,REPORTING
261,GMB,SII - Covishield,Covishield,Serum Institute of India,2021-02-12,2021-03-10,,,REPORTING
262,GNB,SII - Covishield,Covishield,Serum Institute of India,,2021-04-02,,,REPORTING
263,GNB,Beijing CNBG - BBIBP-CorV,BBIBP-CorV,Beijing Bio-Institute Biological Products (CNBG),,2021-04-02,,,REPORTING
264,GNQ,Beijing CNBG - BBIBP-CorV,BBIBP-CorV,Beijing Bio-Institute Biological Products (CNBG),,2021-02-12,,,REPORTING
265,GNQ,Sinovac - CoronaVac,Coronavac,Sinovac,,2021-02-12,,,REPORTING
266,GRC,Janssen - Ad26.COV 2.5,Ad26.COV 2.5,Janssen Pharmaceuticals,,2021-05-05,,,REPORTING
267,GRC,AstraZeneca - Vaxzevria,Vaxzevria,AstraZeneca,,2021-02-10,,,REPORTING
268,GRC,Moderna - mRNA-1273,mRNA-1273,Moderna,,2021-02-10,,,REPORTING
269,GRC,Pfizer BioNTech - Comirnaty,Comirnaty,Pfizer BioNTech,,2020-12-23,,,REPORTING
270,GRD,AstraZeneca - Vaxzevria,Vaxzevria,AstraZeneca,,2021-02-15,,,REPORTING
271,GRD,Pfizer BioNTech - Comirnaty,Comirnaty,Pfizer BioNTech,,2021-08-23,,,REPORTING
272,GRD,SII - Covishield,Covishield,Serum Institute of India,,2021-02-15,,,REPORTING
273,GRL,Moderna - mRNA-1273,mRNA-1273,Moderna,,,,,OWID
274,GTM,Gamaleya - Sputnik V,Sputnik V,Gamaleya Research Institute,,2021-05-17,,,REPORTING
275,GTM,Pfizer BioNTech - Comirnaty,Comirnaty,Pfizer BioNTech,,2021-08-22,,,REPORTING
276,GTM,AstraZeneca - Vaxzevria,Vaxzevria,AstraZeneca,,2021-03-15,,,REPORTING
277,GTM,Moderna - mRNA-1273,mRNA-1273,Moderna,,2021-02-25,,,REPORTING
278,GTM,SII - Covishield,Covishield,Serum Institute of India,,2021-03-03,,,REPORTING
279,GUM,Janssen - Ad26.COV 2.5,Ad26.COV 2.5,Janssen Pharmaceuticals,,2021-03-15,,,REPORTING
280,GUM,Moderna - mRNA-1273,mRNA-1273,Moderna,,2021-01-29,,,REPORTING
281,GUM,Pfizer BioNTech - Comirnaty,Comirnaty,Pfizer BioNTech,,2021-01-04,,,REPORTING
282,GUY,Moderna - mRNA-1273,mRNA-1273,Moderna,,,,,REPORTING
283,GUY,AstraZeneca - Vaxzevria,Vaxzevria,AstraZeneca,,,,,REPORTING
284,GUY,Pfizer BioNTech - Comirnaty,Comirnaty,Pfizer BioNTech,,,,,REPORTING
285,GUY,Beijing CNBG - BBIBP-CorV,BBIBP-CorV,Beijing Bio-Institute Biological Products (CNBG),,,,,REPORTING
286,GUY,Gamaleya - Sputnik V,Sputnik V,Gamaleya Research Institute,,,,,REPORTING
287,GUY,SII - Covishield,Covishield,Serum Institute of India,,2021-02-11,,,REPORTING
288,HND,SII - Covishield,Covishield,Serum Institute of India,,2021-05-22,,,REPORTING
289,HND,Janssen - Ad26.COV 2.5,Ad26.COV 2.5,Janssen Pharmaceuticals,,,,,REPORTING
290,HND,Gamaleya - Sputnik V,Sputnik V,Gamaleya Research Institute,,2021-04-22,,,REPORTING
291,HND,Pfizer BioNTech - Comirnaty,Comirnaty,Pfizer BioNTech,,,,,REPORTING
292,HND,AstraZeneca - Vaxzevria,Vaxzevria,AstraZeneca,,2021-03-15,,,REPORTING
293,HND,Moderna - mRNA-1273,mRNA-1273,Moderna,,2021-02-26,,,REPORTING
294,HRV,AstraZeneca - Vaxzevria,Vaxzevria,AstraZeneca,,2021-01-13,,,REPORTING
295,HRV,Moderna - mRNA-1273,mRNA-1273,Moderna,,2020-12-30,,,REPORTING
296,HRV,Pfizer BioNTech - Comirnaty,Comirnaty,Pfizer BioNTech,,2020-12-23,,,REPORTING
297,HRV,Janssen - Ad26.COV 2.5,Ad26.COV 2.5,Janssen Pharmaceuticals,,2021-01-06,,,REPORTING
298,HTI,Moderna - mRNA-1273,mRNA-1273,Moderna,,,,,REPORTING
299,HTI,Janssen - Ad26.COV 2.5,Ad26.COV 2.5,Janssen Pharmaceuticals,,,,,REPORTING
300,HUN,Moderna - mRNA-1273,mRNA-1273,Moderna,,2021-01-13,,,REPORTING
301,HUN,AstraZeneca - Vaxzevria,Vaxzevria,AstraZeneca,,2021-02-10,,,REPORTING
302,HUN,Pfizer BioNTech - Comirnaty,Comirnaty,Pfizer BioNTech,,2020-12-23,,,REPORTING
303,HUN,Beijing CNBG - BBIBP-CorV,BBIBP-CorV,Beijing Bio-Institute Biological Products (CNBG),,2021-02-24,,,REPORTING
304,HUN,Gamaleya - Sputnik V,Sputnik V,Gamaleya Research Institute,,2021-02-10,,,REPORTING
305,HUN,Janssen - Ad26.COV 2.5,Ad26.COV 2.5,Janssen Pharmaceuticals,,2021-05-05,,,REPORTING
306,HUN,Sinovac - CoronaVac,Coronavac,Sinovac,,2021-02-15,,,REPORTING
307,IDN,Sinovac - CoronaVac,Coronavac,Sinovac,2021-01-11,2021-01-13,,,REPORTING
308,IDN,Beijing CNBG - BBIBP-CorV,BBIBP-CorV,Beijing Bio-Institute Biological Products (CNBG),2021-04-29,2021-05-18,,,REPORTING
309,IDN,AstraZeneca - Vaxzevria,Vaxzevria,AstraZeneca,2021-02-21,2021-03-23,,,REPORTING
310,IDN,Pfizer BioNTech - Comirnaty,Comirnaty,Pfizer BioNTech,2021-07-14,2021-08-23,,,REPORTING
311,IDN,Moderna - mRNA-1273,mRNA-1273,Moderna,2021-07-01,2021-07-25,,,REPORTING
312,IMN,AstraZeneca - AZD1222,AZD1222,AstraZeneca,,,,,OWID
313,IMN,Pfizer BioNTech - Comirnaty,Comirnaty,Pfizer BioNTech,,,,,OWID
314,IND,Gamaleya - Sputnik V,Sputnik V,Gamaleya Research Institute,2021-04-12,2021-05-14,,,REPORTING
315,IND,Moderna - mRNA-1273,mRNA-1273,Moderna,2021-06-29,,,,REPORTING
316,IND,Bharat - Covaxin,Covaxin,Bharat Biotech,2021-01-03,2021-01-16,,,REPORTING
317,IND,Janssen - Ad26.COV 2.5,Ad26.COV 2.5,Janssen Pharmaceuticals,2021-08-05,,,,REPORTING
318,IND,SII - Covishield,Covishield,Serum Institute of India,2021-01-03,2021-01-16,,,REPORTING
319,IRL,Janssen - Ad26.COV 2.5,Ad26.COV 2.5,Janssen Pharmaceuticals,,2021-04-14,,,REPORTING
320,IRL,AstraZeneca - Vaxzevria,Vaxzevria,AstraZeneca,,2021-02-03,,,REPORTING
321,IRL,Moderna - mRNA-1273,mRNA-1273,Moderna,,2021-01-06,,,REPORTING
322,IRL,Pfizer BioNTech - Comirnaty,Comirnaty,Pfizer BioNTech,,2020-12-30,,,REPORTING
323,IRN,Bharat - Covaxin,Covaxin,Bharat Biotech,,,,,REPORTING
324,IRN,Gamaleya - Sputnik V,Sputnik V,Gamaleya Research Institute,,,,,REPORTING
325,IRN,Beijing CNBG - BBIBP-CorV,BBIBP-CorV,Beijing Bio-Institute Biological Products (CNBG),,,,,REPORTING
326,IRN,AstraZeneca - Vaxzevria,Vaxzevria,AstraZeneca,2021-01-27,2021-02-09,,,REPORTING
327,IRQ,Beijing CNBG - BBIBP-CorV,BBIBP-CorV,Beijing Bio-Institute Biological Products (CNBG),,,,,REPORTING
328,IRQ,Gamaleya - Sputnik V,Sputnik V,Gamaleya Research Institute,,,,,REPORTING
329,IRQ,AstraZeneca - Vaxzevria,Vaxzevria,AstraZeneca,2020-12-29,2021-03-02,,,REPORTING
330,IRQ,Pfizer BioNTech - Comirnaty,Comirnaty,Pfizer BioNTech,,,,,REPORTING
331,ISL,Pfizer BioNTech - Comirnaty,Comirnaty,Pfizer BioNTech,,2020-12-30,,,REPORTING
332,ISL,Moderna - mRNA-1273,mRNA-1273,Moderna,,2021-01-13,,,REPORTING
333,ISL,AstraZeneca - Vaxzevria,Vaxzevria,AstraZeneca,,2021-02-10,,,REPORTING
334,ISL,Janssen - Ad26.COV 2.5,Ad26.COV 2.5,Janssen Pharmaceuticals,,2021-04-28,,,REPORTING
335,ISR,Moderna - mRNA-1273,mRNA-1273,Moderna,,2021-03-03,,,REPORTING
336,ISR,Pfizer BioNTech - Comirnaty,Comirnaty,Pfizer BioNTech,,2020-12-16,,,REPORTING
337,ITA,Pfizer BioNTech - Comirnaty,Comirnaty,Pfizer BioNTech,,2020-12-23,,,REPORTING
338,ITA,AstraZeneca - Vaxzevria,Vaxzevria,AstraZeneca,,2021-01-13,,,REPORTING
339,ITA,Moderna - mRNA-1273,mRNA-1273,Moderna,,2021-01-06,,,REPORTING
340,ITA,Janssen - Ad26.COV 2.5,Ad26.COV 2.5,Janssen Pharmaceuticals,,2021-01-06,,,REPORTING
341,JAM,Janssen - Ad26.COV 2.5,Ad26.COV 2.5,Janssen Pharmaceuticals,,,,,REPORTING
342,JAM,AstraZeneca - Vaxzevria,Vaxzevria,AstraZeneca,,,,,REPORTING
343,JAM,SII - Covishield,Covishield,Serum Institute of India,,2021-03-10,,,REPORTING
344,JEY,Moderna - mRNA-1273,mRNA-1273,Moderna,,,,,OWID
345,JEY,AstraZeneca - AZD1222,AZD1222,AstraZeneca,,,,,OWID
346,JEY,Pfizer BioNTech - Comirnaty,Comirnaty,Pfizer BioNTech,,,,,OWID
347,JOR,Gamaleya - Sputnik V,Sputnik V,Gamaleya Research Institute,,,,,REPORTING
348,JOR,Beijing CNBG - BBIBP-CorV,BBIBP-CorV,Beijing Bio-Institute Biological Products (CNBG),,,,,REPORTING
349,JOR,Janssen - Ad26.COV 2.5,Ad26.COV 2.5,Janssen Pharmaceuticals,,,,,REPORTING
350,JOR,AstraZeneca - Vaxzevria,Vaxzevria,AstraZeneca,2020-12-13,2021-01-13,,,REPORTING
351,JOR,Pfizer BioNTech - Comirnaty,Comirnaty,Pfizer BioNTech,,,,,REPORTING
352,JOR,Moderna - mRNA-1273,mRNA-1273,Moderna,,,,,REPORTING
353,JPN,Pfizer BioNTech - Comirnaty,Comirnaty,Pfizer BioNTech,2021-02-14,2021-02-17,,,REPORTING
354,JPN,AstraZeneca - Vaxzevria,Vaxzevria,AstraZeneca,2021-05-21,2021-08-21,,,REPORTING
355,JPN,Moderna - mRNA-1273,mRNA-1273,Moderna,2021-05-21,2021-05-24,,,REPORTING
356,JPN,Novavax - Covavax,Covavax,Novavax,,,,,REPORTING
357,KAZ,Sinovac - CoronaVac,Coronavac,Sinovac,,2021-06-16,,,REPORTING
358,KAZ,RIBSP - QazCovid,QazCovid-in,Research Institute for Biological Safety Problems,,2021-04-28,,,REPORTING
359,KAZ,Beijing CNBG - BBIBP-CorV,BBIBP-CorV,Beijing Bio-Institute Biological Products (CNBG),,2021-05-05,,,REPORTING
360,KAZ,Gamaleya - Sputnik V,Sputnik V,Gamaleya Research Institute,,2021-03-10,,,REPORTING
361,KEN,SII - Covishield,Covishield,Serum Institute of India,,2021-03-05,,,REPORTING
362,KGZ,Gamaleya - Sputnik V,Sputnik V,Gamaleya Research Institute,,2021-04-21,,,REPORTING
363,KGZ,Beijing CNBG - BBIBP-CorV,BBIBP-CorV,Beijing Bio-Institute Biological Products (CNBG),,2021-03-31,,,REPORTING
364,KGZ,AstraZeneca - Vaxzevria,Vaxzevria,AstraZeneca,,2021-08-04,,,REPORTING
365,KHM,AstraZeneca - Vaxzevria,Vaxzevria,AstraZeneca,2021-07-15,2021-07-25,,,REPORTING
366,KHM,Beijing CNBG - BBIBP-CorV,BBIBP-CorV,Beijing Bio-Institute Biological Products (CNBG),2021-02-04,2021-02-10,,,REPORTING
367,KHM,Janssen - Ad26.COV 2.5,Ad26.COV 2.5,Janssen Pharmaceuticals,2021-07-21,2021-08-01,,,REPORTING
368,KHM,SII - Covishield,Covishield,Serum Institute of India,2021-02-12,2021-03-04,,,REPORTING
369,KHM,Sinovac - CoronaVac,Coronavac,Sinovac,2021-02-12,2021-04-01,,,REPORTING
370,KIR,AstraZeneca - Vaxzevria,Vaxzevria,AstraZeneca,2021-03-12,2021-05-26,,,REPORTING
371,KNA,Pfizer BioNTech - Comirnaty,Comirnaty,Pfizer BioNTech,,,,,REPORTING
372,KNA,AstraZeneca - Vaxzevria,Vaxzevria,AstraZeneca,,,,,REPORTING
373,KNA,SII - Covishield,Covishield,Serum Institute of India,,2021-02-22,,,REPORTING
374,KOR,Novavax - Covavax,Covavax,Novavax,,,,,REPORTING
375,KOR,Janssen - Ad26.COV 2.5,Ad26.COV 2.5,Janssen Pharmaceuticals,2021-04-07,2021-06-10,,,REPORTING
376,KOR,AstraZeneca - Vaxzevria,Vaxzevria,AstraZeneca,2021-02-10,2021-02-26,,,REPORTING
377,KOR,Moderna - mRNA-1273,mRNA-1273,Moderna,2021-05-21,2021-06-01,,,REPORTING
378,KOR,Pfizer BioNTech - Comirnaty,Comirnaty,Pfizer BioNTech,2021-03-05,2021-02-27,,,REPORTING
379,KWT,Pfizer BioNTech - Comirnaty,Comirnaty,Pfizer BioNTech,,,,,REPORTING
380,KWT,Moderna - mRNA-1273,mRNA-1273,Moderna,,,,,REPORTING
381,KWT,Janssen - Ad26.COV 2.5,Ad26.COV 2.5,Janssen Pharmaceuticals,,,,,REPORTING
382,KWT,Beijing CNBG - BBIBP-CorV,BBIBP-CorV,Beijing Bio-Institute Biological Products (CNBG),,,,,REPORTING
383,KWT,AstraZeneca - Vaxzevria,Vaxzevria,AstraZeneca,2020-12-13,2020-12-28,,,REPORTING
384,LAO,Beijing CNBG - BBIBP-CorV,BBIBP-CorV,Beijing Bio-Institute Biological Products (CNBG),2021-06-16,2020-11-25,,,REPORTING
385,LAO,AstraZeneca - Vaxzevria,Vaxzevria,AstraZeneca,,,,,REPORTING
386,LAO,Gamaleya - Sputnik V,Sputnik V,Gamaleya Research Institute,2021-02-03,2021-02-09,,,REPORTING
387,LAO,Janssen - Ad26.COV 2.5,Ad26.COV 2.5,Janssen Pharmaceuticals,2021-06-23,2021-07-25,,,REPORTING
388,LAO,Pfizer BioNTech - Comirnaty,Comirnaty,Pfizer BioNTech,2021-05-07,2021-06-15,,,REPORTING
389,LAO,Sinovac - CoronaVac,Coronavac,Sinovac,2021-02-06,,,,REPORTING
390,LAO,SII - Covishield,Covishield,Serum Institute of India,2021-02-22,2021-04-02,,,REPORTING
391,LBN,Pfizer BioNTech - Comirnaty,Comirnaty,Pfizer BioNTech,,,,,REPORTING
392,LBN,Gamaleya - Sputnik V,Sputnik V,Gamaleya Research Institute,,,,,REPORTING
393,LBN,AstraZeneca - Vaxzevria,Vaxzevria,AstraZeneca,2020-12-16,2021-02-14,,,REPORTING
394,LBN,Beijing CNBG - BBIBP-CorV,BBIBP-CorV,Beijing Bio-Institute Biological Products (CNBG),,,,,REPORTING
395,LBR,SII - Covishield,Covishield,Serum Institute of India,2021-03-15,2021-04-01,,,REPORTING
396,LBY,Sinovac - CoronaVac,Coronavac,Sinovac,,,,,REPORTING
397,LBY,Beijing CNBG - BBIBP-CorV,BBIBP-CorV,Beijing Bio-Institute Biological Products (CNBG),,,,,REPORTING
398,LBY,Gamaleya - Sputnik V,Sputnik V,Gamaleya Research Institute,,,,,REPORTING
399,LBY,Pfizer BioNTech - Comirnaty,Comirnaty,Pfizer BioNTech,,,,,REPORTING
400,LBY,Moderna - mRNA-1273,mRNA-1273,Moderna,,,,,REPORTING
401,LBY,Janssen - Ad26.COV 2.5,Ad26.COV 2.5,Janssen Pharmaceuticals,,,,,REPORTING
402,LBY,AstraZeneca - Vaxzevria,Vaxzevria,AstraZeneca,2021-02-24,2021-04-11,,,REPORTING
403,LCA,AstraZeneca - Vaxzevria,Vaxzevria,AstraZeneca,,,,,REPORTING
404,LCA,Pfizer BioNTech - Comirnaty,Comirnaty,Pfizer BioNTech,,,,,REPORTING
405,LCA,SII - Covishield,Covishield,Serum Institute of India,,2021-02-17,,,REPORTING
406,LIE,Moderna - mRNA-1273,mRNA-1273,Moderna,,2021-02-10,,,REPORTING
407,LIE,Pfizer BioNTech - Comirnaty,Comirnaty,Pfizer BioNTech,,2021-02-10,,,REPORTING
408,LKA,Moderna - mRNA-1273,mRNA-1273,Moderna,2021-06-28,2021-07-18,,,REPORTING
409,LKA,Pfizer BioNTech - Comirnaty,Comirnaty,Pfizer BioNTech,2021-05-08,2021-07-07,,,REPORTING
410,LKA,AstraZeneca - Vaxzevria,Vaxzevria,AstraZeneca,2021-07-09,,,,REPORTING
411,LKA,Gamaleya - Sputnik V,Sputnik V,Gamaleya Research Institute,2021-03-04,2021-05-06,,,REPORTING
412,LKA,Beijing CNBG - BBIBP-CorV,BBIBP-CorV,Beijing Bio-Institute Biological Products (CNBG),2021-05-08,2021-04-05,,,REPORTING
413,LKA,SII - Covishield,Covishield,Serum Institute of India,2021-01-22,2021-01-29,,,REPORTING
414,LSO,SII - Covishield,Covishield,Serum Institute of India,2021-02-25,2021-03-10,,,REPORTING
415,LTU,Pfizer BioNTech - Comirnaty,Comirnaty,Pfizer BioNTech,,2020-12-23,,,REPORTING
416,LTU,AstraZeneca - Vaxzevria,Vaxzevria,AstraZeneca,,2021-02-03,,,REPORTING
417,LTU,Moderna - mRNA-1273,mRNA-1273,Moderna,,2021-01-13,,,REPORTING
418,LTU,Janssen - Ad26.COV 2.5,Ad26.COV 2.5,Janssen Pharmaceuticals,,2021-04-21,,,REPORTING
419,LUX,Janssen - Ad26.COV 2.5,Ad26.COV 2.5,Janssen Pharmaceuticals,,2021-04-14,,,REPORTING
420,LUX,Moderna - mRNA-1273,mRNA-1273,Moderna,,2021-01-20,,,REPORTING
421,LUX,AstraZeneca - Vaxzevria,Vaxzevria,AstraZeneca,,2021-02-10,,,REPORTING
422,LUX,Pfizer BioNTech - Comirnaty,Comirnaty,Pfizer BioNTech,,2020-12-30,,,REPORTING
423,LVA,Pfizer BioNTech - Comirnaty,Comirnaty,Pfizer BioNTech,,2020-12-30,,,REPORTING
424,LVA,AstraZeneca - Vaxzevria,Vaxzevria,AstraZeneca,,2021-02-10,,,REPORTING
425,LVA,Moderna - mRNA-1273,mRNA-1273,Moderna,,2021-01-13,,,REPORTING
426,LVA,Janssen - Ad26.COV 2.5,Ad26.COV 2.5,Janssen Pharmaceuticals,,2021-04-07,,,REPORTING
427,MAR,Janssen - Ad26.COV 2.5,Ad26.COV 2.5,Janssen Pharmaceuticals,,,,,REPORTING
428,MAR,AstraZeneca - Vaxzevria,Vaxzevria,AstraZeneca,2021-01-06,2021-01-28,,,REPORTING
429,MAR,Beijing CNBG - BBIBP-CorV,BBIBP-CorV,Beijing Bio-Institute Biological Products (CNBG),,,,,REPORTING
430,MAR,Gamaleya - Sputnik V,Sputnik V,Gamaleya Research Institute,,,,,REPORTING
431,MAR,Pfizer BioNTech - Comirnaty,Comirnaty,Pfizer BioNTech,,,,,REPORTING
432,MCO,Pfizer BioNTech - Comirnaty,Comirnaty,Pfizer BioNTech,,2021-06-30,,,REPORTING
433,MDA,Beijing CNBG - BBIBP-CorV,BBIBP-CorV,Beijing Bio-Institute Biological Products (CNBG),,2021-03-24,,,REPORTING
434,MDA,Gamaleya - Sputnik V,Sputnik V,Gamaleya Research Institute,,2021-05-05,,,REPORTING
435,MDA,AstraZeneca - Vaxzevria,Vaxzevria,AstraZeneca,,2021-03-03,,,REPORTING
436,MDA,Janssen - Ad26.COV 2.5,Ad26.COV 2.5,Janssen Pharmaceuticals,,2021-05-26,,,REPORTING
437,MDA,Pfizer BioNTech - Comirnaty,Comirnaty,Pfizer BioNTech,,2021-03-24,,,REPORTING
438,MDA,Sinovac - CoronaVac,Coronavac,Sinovac,,2021-05-12,,,REPORTING
439,MDG,SII - Covishield,Covishield,Serum Institute of India,2021-03-26,2021-05-10,,,REPORTING
440,MDV,SII - Covishield,Covishield,Serum Institute of India,2021-01-29,2021-02-01,,,REPORTING
441,MDV,Sinovac - CoronaVac,Coronavac,Sinovac,2021-03-14,,,,REPORTING
442,MDV,Pfizer BioNTech - Comirnaty,Comirnaty,Pfizer BioNTech,2021-03-14,2021-04-13,,,REPORTING
443,MDV,Moderna - mRNA-1273,mRNA-1273,Moderna,2021-06-06,,,,REPORTING
444,MDV,Janssen - Ad26.COV 2.5,Ad26.COV 2.5,Janssen Pharmaceuticals,2021-02-06,,,,REPORTING
445,MDV,Gamaleya - Sputnik V,Sputnik V,Gamaleya Research Institute,2021-01-30,,,,REPORTING
446,MDV,Beijing CNBG - BBIBP-CorV,BBIBP-CorV,Beijing Bio-Institute Biological Products (CNBG),2021-03-17,2021-03-22,,,REPORTING
447,MDV,AstraZeneca - Vaxzevria,Vaxzevria,AstraZeneca,2021-06-20,2021-07-27,,,REPORTING
448,MEX,AstraZeneca - Vaxzevria,Vaxzevria,AstraZeneca,,2021-02-15,,,REPORTING
449,MEX,CanSino - Ad5-nCOV,Ad5-nCOV,CanSino Biologicals,,,,,REPORTING
450,MEX,Gamaleya - Sputnik V,Sputnik V,Gamaleya Research Institute,,2021-02-24,,,REPORTING
451,MEX,Janssen - Ad26.COV 2.5,Ad26.COV 2.5,Janssen Pharmaceuticals,,,,,REPORTING
452,MEX,Moderna - mRNA-1273,mRNA-1273,Moderna,,,,,REPORTING
453,MEX,Pfizer BioNTech - Comirnaty,Comirnaty,Pfizer BioNTech,,2020-12-24,,,REPORTING
454,MEX,Sinovac - CoronaVac,Coronavac,Sinovac,,2021-02-22,,,REPORTING
455,MHL,Janssen - Ad26.COV 2.5,Ad26.COV 2.5,Janssen Pharmaceuticals,,,,,REPORTING
456,MHL,Pfizer BioNTech - Comirnaty,Comirnaty,Pfizer BioNTech,,,,,REPORTING
457,MHL,Moderna - mRNA-1273,mRNA-1273,Moderna,,2020-12-29,,,REPORTING
458,MKD,Pfizer BioNTech - Comirnaty,Comirnaty,Pfizer BioNTech,,2021-02-17,,,REPORTING
459,MKD,Gamaleya - Sputnik V,Sputnik V,Gamaleya Research Institute,,2021-03-10,,,REPORTING
460,MKD,Beijing CNBG - BBIBP-CorV,BBIBP-CorV,Beijing Bio-Institute Biological Products (CNBG),,2021-03-31,,,REPORTING
461,MKD,AstraZeneca - Vaxzevria,Vaxzevria,AstraZeneca,,2021-03-31,,,REPORTING
462,MKD,Wuhan CNBG - Inactivated,Inactivated SARS-CoV-2 vaccine,Wuhan Institute of Biological Products (CNBG),,2021-04-21,,,REPORTING
463,MKD,Sinovac - CoronaVac,Coronavac,Sinovac,,2021-06-16,,,REPORTING
464,MLI,SII - Covishield,Covishield,Serum Institute of India,2021-02-19,2021-03-31,,,REPORTING
465,MLT,Janssen - Ad26.COV 2.5,Ad26.COV 2.5,Janssen Pharmaceuticals,,2021-06-02,,,REPORTING
466,MLT,AstraZeneca - Vaxzevria,Vaxzevria,AstraZeneca,,2021-02-10,,,REPORTING
467,MLT,Pfizer BioNTech - Comirnaty,Comirnaty,Pfizer BioNTech,,2020-12-23,,,REPORTING
468,MLT,Moderna - mRNA-1273,mRNA-1273,Moderna,,2021-02-03,,,REPORTING
469,MMR,Beijing CNBG - BBIBP-CorV,BBIBP-CorV,Beijing Bio-Institute Biological Products (CNBG),2021-02-12,2021-06-01,,,REPORTING
470,MMR,SII - Covishield,Covishield,Serum Institute of India,2021-01-20,2021-01-27,,,REPORTING
471,MNE,Beijing CNBG - BBIBP-CorV,BBIBP-CorV,Beijing Bio-Institute Biological Products (CNBG),,2021-03-10,,,REPORTING
472,MNE,Gamaleya - Sputnik V,Sputnik V,Gamaleya Research Institute,,2021-02-24,,,REPORTING
473,MNE,AstraZeneca - Vaxzevria,Vaxzevria,AstraZeneca,,2021-03-31,,,REPORTING
474,MNE,Pfizer BioNTech - Comirnaty,Comirnaty,Pfizer BioNTech,,2021-05-05,,,REPORTING
475,MNG,Pfizer BioNTech - Comirnaty,Comirnaty,Pfizer BioNTech,2021-01-10,2021-03-26,,,REPORTING
476,MNG,AstraZeneca - Vaxzevria,Vaxzevria,AstraZeneca,2021-01-10,2021-03-19,,,REPORTING
477,MNG,Moderna - mRNA-1273,mRNA-1273,Moderna,2021-01-10,,,,REPORTING
478,MNG,Beijing CNBG - BBIBP-CorV,BBIBP-CorV,Beijing Bio-Institute Biological Products (CNBG),2021-02-09,2021-03-10,,,REPORTING
479,MNG,Gamaleya - Sputnik V,Sputnik V,Gamaleya Research Institute,2021-02-06,2021-03-19,,,REPORTING
480,MNG,SII - Covishield,Covishield,Serum Institute of India,2021-01-10,2021-02-23,,,REPORTING
481,MNP,Janssen - Ad26.COV 2.5,Ad26.COV 2.5,Janssen Pharmaceuticals,2021-02-27,2021-03-19,,,REPORTING
482,MNP,Moderna - mRNA-1273,mRNA-1273,Moderna,2020-12-18,2021-01-12,,,REPORTING
483,MNP,Pfizer BioNTech - Comirnaty,Comirnaty,Pfizer BioNTech,2020-12-11,2020-12-19,,,REPORTING
484,MOZ,Beijing CNBG - BBIBP-CorV,BBIBP-CorV,Beijing Bio-Institute Biological Products (CNBG),,2021-03-08,,,REPORTING
485,MOZ,SII - Covishield,Covishield,Serum Institute of India,,2021-03-08,,,REPORTING
486,MRT,SII - Covishield,Covishield,Serum Institute of India,,2021-03-26,,,REPORTING
487,MRT,Beijing CNBG - BBIBP-CorV,BBIBP-CorV,Beijing Bio-Institute Biological Products (CNBG),,2021-03-26,,,REPORTING
488,MSR,AstraZeneca - Vaxzevria,Vaxzevria,AstraZeneca,,2021-02-08,,,REPORTING
489,MTQ,Pfizer BioNTech - Comirnaty,Comirnaty,Pfizer BioNTech,,,,,REPORTING
490,MUS,Beijing CNBG - BBIBP-CorV,BBIBP-CorV,Beijing Bio-Institute Biological Products (CNBG),2021-03-18,,,,REPORTING
491,MUS,Bharat - Covaxin,Covaxin,Bharat Biotech,2021-03-18,,,,REPORTING
492,MUS,SII - Covishield,Covishield,Serum Institute of India,2021-01-21,2021-01-26,,,REPORTING
493,MWI,SII - Covishield,Covishield,Serum Institute of India,,2021-03-11,,,REPORTING
494,MYS,Sinovac - CoronaVac,Coronavac,Sinovac,2021-03-02,2021-03-18,,,REPORTING
495,MYS,Pfizer BioNTech - Comirnaty,Comirnaty,Pfizer BioNTech,2021-01-08,2021-02-24,,,REPORTING
496,MYS,AstraZeneca - Vaxzevria,Vaxzevria,AstraZeneca,2021-02-15,2021-05-05,,,REPORTING
497,MYS,CanSino - Ad5-nCOV,Ad5-nCOV,CanSino Biologicals,,,,,REPORTING
498,MYS,Gamaleya - Sputnik V,Sputnik V,Gamaleya Research Institute,,,,,REPORTING
499,NAM,Beijing CNBG - BBIBP-CorV,BBIBP-CorV,Beijing Bio-Institute Biological Products (CNBG),,2021-03-19,,,REPORTING
500,NAM,SII - Covishield,Covishield,Serum Institute of India,,2021-03-19,,,REPORTING
501,NCL,Pfizer BioNTech - Comirnaty,Comirnaty,Pfizer BioNTech,2020-12-29,2021-01-20,,,REPORTING
502,NER,Beijing CNBG - BBIBP-CorV,BBIBP-CorV,Beijing Bio-Institute Biological Products (CNBG),2021-02-23,2021-03-29,,,REPORTING
503,NER,SII - Covishield,Covishield,Serum Institute of India,2021-03-04,2021-03-29,,,REPORTING
504,NGA,SII - Covishield,Covishield,Serum Institute of India,2021-03-04,2021-03-05,,,REPORTING
505,NIC,SII - Covishield,Covishield,Serum Institute of India,,2021-04-06,,,REPORTING
506,NIC,AstraZeneca - Vaxzevria,Vaxzevria,AstraZeneca,,2021-08-04,,,REPORTING
507,NIC,Gamaleya - Sputnik V,Sputnik V,Gamaleya Research Institute,,2021-03-02,,,REPORTING
508,NIU,Pfizer BioNTech - Comirnaty,Comirnaty,Pfizer BioNTech,,2021-06-08,,,REPORTING
509,NLD,Pfizer BioNTech - Comirnaty,Comirnaty,Pfizer BioNTech,,2021-01-06,,,REPORTING
510,NLD,AstraZeneca - Vaxzevria,Vaxzevria,AstraZeneca,,2021-02-10,,,REPORTING
511,NLD,Moderna - mRNA-1273,mRNA-1273,Moderna,,2021-01-20,,,REPORTING
512,NLD,Janssen - Ad26.COV 2.5,Ad26.COV 2.5,Janssen Pharmaceuticals,,2021-04-21,,,REPORTING
513,NOR,Janssen - Ad26.COV 2.5,Ad26.COV 2.5,Janssen Pharmaceuticals,,2021-04-21,,,REPORTING
514,NOR,Moderna - mRNA-1273,mRNA-1273,Moderna,,2021-03-31,,,REPORTING
515,NOR,Pfizer BioNTech - Comirnaty,Comirnaty,Pfizer BioNTech,,2021-03-31,,,REPORTING
516,NOR,AstraZeneca - Vaxzevria,Vaxzevria,AstraZeneca,,2021-04-28,,,REPORTING
517,NPL,AstraZeneca - Vaxzevria,Vaxzevria,AstraZeneca,2021-06-30,,,,REPORTING
518,NPL,Beijing CNBG - BBIBP-CorV,BBIBP-CorV,Beijing Bio-Institute Biological Products (CNBG),2021-02-16,2021-04-07,,,REPORTING
519,NPL,Gamaleya - Sputnik V,Sputnik V,Gamaleya Research Institute,2021-04-20,,,,REPORTING
520,NPL,Bharat - Covaxin,Covaxin,Bharat Biotech,2021-03-19,,,,REPORTING
521,NPL,Janssen - Ad26.COV 2.5,Ad26.COV 2.5,Janssen Pharmaceuticals,2021-06-30,2021-07-19,,,REPORTING
522,NPL,SII - Covishield,Covishield,Serum Institute of India,2021-01-15,2021-01-27,,,REPORTING
523,NRU,SII - Covishield,Covishield,Serum Institute of India,2021-03-02,2021-06-01,,,REPORTING
524,NRU,AstraZeneca - Vaxzevria,Vaxzevria,AstraZeneca,2021-03-02,2021-04-09,,,REPORTING
525,NZL,Pfizer BioNTech - Comirnaty,Comirnaty,Pfizer BioNTech,2021-02-03,2021-02-19,,,REPORTING
526,NZL,AstraZeneca - Vaxzevria,Vaxzevria,AstraZeneca,,,,,REPORTING
527,NZL,Novavax - Covavax,Covavax,Novavax,,,,,REPORTING
528,NZL,Janssen - Ad26.COV 2.5,Ad26.COV 2.5,Janssen Pharmaceuticals,,,,,REPORTING
529,OMN,Sinovac - CoronaVac,Coronavac,Sinovac,,,,,REPORTING
530,OMN,SII - Covishield,Covishield,Serum Institute of India,,,,,REPORTING
531,OMN,Pfizer BioNTech - Comirnaty,Comirnaty,Pfizer BioNTech,,,,,REPORTING
532,OMN,AstraZeneca - Vaxzevria,Vaxzevria,AstraZeneca,2021-02-14,2020-12-29,,,REPORTING
533,OMN,Gamaleya - Sputnik V,Sputnik V,Gamaleya Research Institute,,,,,REPORTING
534,PAK,Gamaleya - Sputnik V,Sputnik V,Gamaleya Research Institute,,,,,REPORTING
535,PAK,Beijing CNBG - BBIBP-CorV,BBIBP-CorV,Beijing Bio-Institute Biological Products (CNBG),,,,,REPORTING
536,PAK,CanSino - Ad5-nCOV,Ad5-nCOV,CanSino Biologicals,,,,,REPORTING
537,PAK,Pfizer BioNTech - Comirnaty,Comirnaty,Pfizer BioNTech,,,,,REPORTING
538,PAK,Bharat - Covaxin,Covaxin,Bharat Biotech,,,,,REPORTING
539,PAK,Moderna - mRNA-1273,mRNA-1273,Moderna,,,,,REPORTING
540,PAK,Sinovac - CoronaVac,Coronavac,Sinovac,,,,,REPORTING
541,PAK,SII - Covishield,Covishield,Serum Institute of India,2021-01-20,2021-02-03,,,REPORTING
542,PAN,Pfizer BioNTech - Comirnaty,Comirnaty,Pfizer BioNTech,,2021-01-20,,,REPORTING
543,PAN,AstraZeneca - Vaxzevria,Vaxzevria,AstraZeneca,,2021-04-22,,,REPORTING
544,PCN,AstraZeneca - Vaxzevria,Vaxzevria,AstraZeneca,2021-05-17,2021-05-17,,,REPORTING
545,PER,AstraZeneca - Vaxzevria,Vaxzevria,AstraZeneca,,2021-04-21,,,REPORTING
546,PER,Beijing CNBG - BBIBP-CorV,BBIBP-CorV,Beijing Bio-Institute Biological Products (CNBG),,2021-02-09,,,REPORTING
547,PER,Wuhan CNBG - Inactivated,Inactivated SARS-CoV-2 vaccine,Wuhan Institute of Biological Products (CNBG),2001-01-26,2021-02-09,,,REPORTING
548,PER,Pfizer BioNTech - Comirnaty,Comirnaty,Pfizer BioNTech,,2021-03-08,,,REPORTING
549,PHL,Pfizer BioNTech - Comirnaty,Comirnaty,Pfizer BioNTech,2021-01-14,2021-05-12,,,REPORTING
550,PHL,Moderna - mRNA-1273,mRNA-1273,Moderna,2021-05-05,2021-07-01,,,REPORTING
551,PHL,AstraZeneca - Vaxzevria,Vaxzevria,AstraZeneca,2021-02-17,2021-03-07,,,REPORTING
552,PHL,Bharat - Covaxin,Covaxin,Bharat Biotech,2021-04-10,,,,REPORTING
553,PHL,Beijing CNBG - BBIBP-CorV,BBIBP-CorV,Beijing Bio-Institute Biological Products (CNBG),2021-08-11,2021-08-25,,,REPORTING
554,PHL,Gamaleya - Sputnik V,Sputnik V,Gamaleya Research Institute,2021-03-19,2021-05-04,,,REPORTING
555,PHL,Sinovac - CoronaVac,Coronavac,Sinovac,2021-02-22,2021-03-01,,,REPORTING
556,PHL,Janssen - Ad26.COV 2.5,Ad26.COV 2.5,Janssen Pharmaceuticals,2021-07-02,2021-07-19,,,REPORTING
557,PHL,Novavax - Covavax,Covavax,Novavax,,,,,REPORTING
558,PLW,Janssen - Ad26.COV 2.5,Ad26.COV 2.5,Janssen Pharmaceuticals,,,,,REPORTING
559,PLW,Pfizer BioNTech - Comirnaty,Comirnaty,Pfizer BioNTech,,,,,REPORTING
560,PLW,Moderna - mRNA-1273,mRNA-1273,Moderna,,2021-01-03,,,REPORTING
561,PNG,Janssen - Ad26.COV 2.5,Ad26.COV 2.5,Janssen Pharmaceuticals,2021-06-21,,,,REPORTING
562,PNG,AstraZeneca - Vaxzevria,Vaxzevria,AstraZeneca,2021-03-18,2021-03-30,,,REPORTING
563,PNG,Beijing CNBG - BBIBP-CorV,BBIBP-CorV,Beijing Bio-Institute Biological Products (CNBG),2021-05-25,,,,REPORTING
564,PNG,SII - Covishield,Covishield,Serum Institute of India,2021-03-02,2021-05-05,,,REPORTING
565,POL,Janssen - Ad26.COV 2.5,Ad26.COV 2.5,Janssen Pharmaceuticals,,2021-03-17,,,REPORTING
566,POL,Pfizer BioNTech - Comirnaty,Comirnaty,Pfizer BioNTech,,2020-12-23,,,REPORTING
567,POL,Moderna - mRNA-1273,mRNA-1273,Moderna,,2021-01-13,,,REPORTING
568,POL,AstraZeneca - Vaxzevria,Vaxzevria,AstraZeneca,,2021-01-06,,,REPORTING
569,PRI,Moderna - mRNA-1273,mRNA-1273,Moderna,,,,,REPORTING
570,PRI,Pfizer BioNTech - Comirnaty,Comirnaty,Pfizer BioNTech,,,,,REPORTING
571,PRI,Janssen - Ad26.COV 2.5,Ad26.COV 2.5,Janssen Pharmaceuticals,,,,,REPORTING
572,PRT,Pfizer BioNTech - Comirnaty,Comirnaty,Pfizer BioNTech,,2020-12-23,,,REPORTING
573,PRT,AstraZeneca - Vaxzevria,Vaxzevria,AstraZeneca,,2020-12-30,,,REPORTING
574,PRT,Moderna - mRNA-1273,mRNA-1273,Moderna,,2020-12-23,,,REPORTING
575,PRT,Janssen - Ad26.COV 2.5,Ad26.COV 2.5,Janssen Pharmaceuticals,,2021-01-06,,,REPORTING
576,PRY,Bharat - Covaxin,Covaxin,Bharat Biotech,,2021-04-10,,,REPORTING
577,PRY,Moderna - mRNA-1273,mRNA-1273,Moderna,,2021-06-09,,,REPORTING
578,PRY,Beijing CNBG - BBIBP-CorV,BBIBP-CorV,Beijing Bio-Institute Biological Products (CNBG),,2021-03-15,,,REPORTING
579,PRY,Gamaleya - Sputnik V,Sputnik V,Gamaleya Research Institute,,2021-02-22,,,REPORTING
580,PRY,Pfizer BioNTech - Comirnaty,Comirnaty,Pfizer BioNTech,,2021-07-12,,,REPORTING
581,PRY,AstraZeneca - Vaxzevria,Vaxzevria,AstraZeneca,,2021-03-23,,,REPORTING
582,PRY,Sinovac - CoronaVac,Coronavac,Sinovac,,2021-03-10,,,REPORTING
583,PSE,Sinovac - CoronaVac,Coronavac,Sinovac,,,,,REPORTING
584,PSE,Beijing CNBG - BBIBP-CorV,BBIBP-CorV,Beijing Bio-Institute Biological Products (CNBG),,,,,REPORTING
585,PSE,Gamaleya - Sputnik V,Sputnik V,Gamaleya Research Institute,,,,,REPORTING
586,PSE,AstraZeneca - Vaxzevria,Vaxzevria,AstraZeneca,2021-01-25,2021-02-02,,,REPORTING
587,PSE,Janssen - Ad26.COV 2.5,Ad26.COV 2.5,Janssen Pharmaceuticals,,,,,REPORTING
588,PSE,Moderna - mRNA-1273,mRNA-1273,Moderna,,,,,REPORTING
589,PSE,Pfizer BioNTech - Comirnaty,Comirnaty,Pfizer BioNTech,,,,,REPORTING
590,PYF,Pfizer BioNTech - Comirnaty,Comirnaty,Pfizer BioNTech,2020-12-29,2021-01-18,,,REPORTING
591,PYF,Janssen - Ad26.COV 2.5,Ad26.COV 2.5,Janssen Pharmaceuticals,2021-03-25,2021-05-03,,,REPORTING
592,QAT,Pfizer BioNTech - Comirnaty,Comirnaty,Pfizer BioNTech,,,,,REPORTING
593,QAT,Janssen - Ad26.COV 2.5,Ad26.COV 2.5,Janssen Pharmaceuticals,,,,,REPORTING
594,QAT,Moderna - mRNA-1273,mRNA-1273,Moderna,,,,,REPORTING
595,QAT,AstraZeneca - Vaxzevria,Vaxzevria,AstraZeneca,,2020-12-23,,,REPORTING
596,ROU,Moderna - mRNA-1273,mRNA-1273,Moderna,,2021-02-03,,,REPORTING
597,ROU,AstraZeneca - Vaxzevria,Vaxzevria,AstraZeneca,,2021-02-17,,,REPORTING
598,ROU,Pfizer BioNTech - Comirnaty,Comirnaty,Pfizer BioNTech,,2021-01-27,,,REPORTING
599,ROU,Janssen - Ad26.COV 2.5,Ad26.COV 2.5,Janssen Pharmaceuticals,,2021-05-05,,,REPORTING
600,RUS,SRCVB - EpiVacCorona,EpiVacCorona,State Research Center of Virology & Biotechnology,,,,,OWID
601,RUS,Gamaleya - Sputnik V,Sputnik V,Gamaleya Research Institute,,,,,OWID
602,RWA,Pfizer BioNTech - Comirnaty,Comirnaty,Pfizer BioNTech,,2021-02-14,,,REPORTING
603,RWA,Moderna - mRNA-1273,mRNA-1273,Moderna,,2021-02-14,,,REPORTING
604,RWA,SII - Covishield,Covishield,Serum Institute of India,,2021-02-14,,,REPORTING
605,SAU,Janssen - Ad26.COV 2.5,Ad26.COV 2.5,Janssen Pharmaceuticals,,,,,REPORTING
606,SAU,Moderna - mRNA-1273,mRNA-1273,Moderna,,,,,REPORTING
607,SAU,Pfizer BioNTech - Comirnaty,Comirnaty,Pfizer BioNTech,,,,,REPORTING
608,SAU,AstraZeneca - Vaxzevria,Vaxzevria,AstraZeneca,2020-12-10,2021-01-06,,,REPORTING
609,SDN,Beijing CNBG - BBIBP-CorV,BBIBP-CorV,Beijing Bio-Institute Biological Products (CNBG),,,,,REPORTING
610,SDN,Pfizer BioNTech - Comirnaty,Comirnaty,Pfizer BioNTech,2021-02-20,2021-03-09,,,REPORTING
611,SDN,Janssen - Ad26.COV 2.5,Ad26.COV 2.5,Janssen Pharmaceuticals,,,,,REPORTING
612,SDN,Sinovac - CoronaVac,Coronavac,Sinovac,,,,,REPORTING
613,SDN,SII - Covishield,Covishield,Serum Institute of India,2021-02-20,2021-03-09,,,REPORTING
614,SEN,SII - Covishield,Covishield,Serum Institute of India,2021-02-16,2021-02-23,,,REPORTING
615,SEN,Beijing CNBG - BBIBP-CorV,BBIBP-CorV,Beijing Bio-Institute Biological Products (CNBG),2021-02-23,2021-02-23,,,REPORTING
616,SGP,Moderna - mRNA-1273,mRNA-1273,Moderna,2021-02-03,2021-03-17,,,REPORTING
617,SGP,Pfizer BioNTech - Comirnaty,Comirnaty,Pfizer BioNTech,2020-12-14,2020-12-30,,,REPORTING
618,SGP,AstraZeneca - Vaxzevria,Vaxzevria,AstraZeneca,,,,,REPORTING
619,SHN,AstraZeneca - AZD1222,AZD1222,AstraZeneca,,,,,OWID
620,SLB,Beijing CNBG - BBIBP-CorV,BBIBP-CorV,Beijing Bio-Institute Biological Products (CNBG),2021-03-12,2021-05-21,,,REPORTING
621,SLB,AstraZeneca - Vaxzevria,Vaxzevria,AstraZeneca,2021-05-26,,,,REPORTING
622,SLB,SII - Covishield,Covishield,Serum Institute of India,2021-02-22,2021-03-23,,,REPORTING
623,SLE,SII - Covishield,Covishield,Serum Institute of India,2021-03-04,2021-03-15,,,REPORTING
624,SLE,Beijing CNBG - BBIBP-CorV,BBIBP-CorV,Beijing Bio-Institute Biological Products (CNBG),,2021-03-15,,,REPORTING
625,SLV,Moderna - mRNA-1273,mRNA-1273,Moderna,,,,,REPORTING
626,SLV,Pfizer BioNTech - Comirnaty,Comirnaty,Pfizer BioNTech,,2021-03-23,,,REPORTING
627,SLV,AstraZeneca - Vaxzevria,Vaxzevria,AstraZeneca,,2021-02-17,,,REPORTING
628,SLV,SII - Covishield,Covishield,Serum Institute of India,,2021-04-12,,,REPORTING
629,SLV,Sinovac - CoronaVac,Coronavac,Sinovac,,2021-03-28,,,REPORTING
630,SMR,Pfizer BioNTech - Comirnaty,Comirnaty,Pfizer BioNTech,,2021-03-03,,,REPORTING
631,SMR,Gamaleya - Sputnik V,Sputnik V,Gamaleya Research Institute,,2021-02-24,,,REPORTING
632,SOM,Beijing CNBG - BBIBP-CorV,BBIBP-CorV,Beijing Bio-Institute Biological Products (CNBG),,,,,REPORTING
633,SOM,Janssen - Ad26.COV 2.5,Ad26.COV 2.5,Janssen Pharmaceuticals,,,,,REPORTING
634,SOM,Sinovac - CoronaVac,Coronavac,Sinovac,,,,,REPORTING
635,SOM,SII - Covishield,Covishield,Serum Institute of India,2021-02-22,2021-03-16,,,REPORTING
636,SRB,Pfizer BioNTech - Comirnaty,Comirnaty,Pfizer BioNTech,,2020-12-23,,,REPORTING
637,SRB,Beijing CNBG - BBIBP-CorV,BBIBP-CorV,Beijing Bio-Institute Biological Products (CNBG),,2021-01-20,,,REPORTING
638,SRB,Gamaleya - Sputnik V,Sputnik V,Gamaleya Research Institute,,2021-01-06,,,REPORTING
639,SRB,AstraZeneca - Vaxzevria,Vaxzevria,AstraZeneca,,2021-02-24,,,REPORTING
640,SSD,SII - Covishield,Covishield,Serum Institute of India,2021-03-01,2021-04-06,,,REPORTING
641,STP,SII - Covishield,Covishield,Serum Institute of India,2021-02-21,2021-03-15,,,REPORTING
642,STP,AstraZeneca - Vaxzevria,Vaxzevria,AstraZeneca,,2021-03-15,,,REPORTING
643,SUR,Moderna - mRNA-1273,mRNA-1273,Moderna,,,,,REPORTING
644,SUR,AstraZeneca - Vaxzevria,Vaxzevria,AstraZeneca,,,,,REPORTING
645,SUR,Pfizer BioNTech - Comirnaty,Comirnaty,Pfizer BioNTech,,,,,REPORTING
646,SUR,Beijing CNBG - BBIBP-CorV,BBIBP-CorV,Beijing Bio-Institute Biological Products (CNBG),,,,,REPORTING
647,SUR,SII - Covishield,Covishield,Serum Institute of India,,2021-02-23,,,REPORTING
648,SVK,Gamaleya - Sputnik V,Sputnik V,Gamaleya Research Institute,,2021-06-02,,,REPORTING
649,SVK,Pfizer BioNTech - Comirnaty,Comirnaty,Pfizer BioNTech,,2021-01-06,,,REPORTING
650,SVK,AstraZeneca - Vaxzevria,Vaxzevria,AstraZeneca,,2021-02-10,,,REPORTING
651,SVK,Janssen - Ad26.COV 2.5,Ad26.COV 2.5,Janssen Pharmaceuticals,,2021-06-16,,,REPORTING
652,SVK,Moderna - mRNA-1273,mRNA-1273,Moderna,,2021-01-27,,,REPORTING
653,SVN,AstraZeneca - Vaxzevria,Vaxzevria,AstraZeneca,,2021-02-10,,,REPORTING
654,SVN,Moderna - mRNA-1273,mRNA-1273,Moderna,,2021-01-13,,,REPORTING
655,SVN,Pfizer BioNTech - Comirnaty,Comirnaty,Pfizer BioNTech,,2020-12-23,,,REPORTING
656,SVN,Janssen - Ad26.COV 2.5,Ad26.COV 2.5,Janssen Pharmaceuticals,,2021-04-28,,,REPORTING
657,SWE,Moderna - mRNA-1273,mRNA-1273,Moderna,,2021-01-13,,,REPORTING
658,SWE,Pfizer BioNTech - Comirnaty,Comirnaty,Pfizer BioNTech,,2020-12-23,,,REPORTING
659,SWE,AstraZeneca - Vaxzevria,Vaxzevria,AstraZeneca,,2021-02-10,,,REPORTING
660,SWZ,SII - Covishield,Covishield,Serum Institute of India,,2021-03-19,,,REPORTING
661,SXM,Moderna - mRNA-1273,mRNA-1273,Moderna,,,,,REPORTING
662,SXM,Pfizer BioNTech - Comirnaty,Comirnaty,Pfizer BioNTech,,2021-02-22,,,REPORTING
663,SXM,AstraZeneca - Vaxzevria,Vaxzevria,AstraZeneca,,,,,REPORTING
664,SYC,Beijing CNBG - BBIBP-CorV,BBIBP-CorV,Beijing Bio-Institute Biological Products (CNBG),,2021-01-10,,,REPORTING
665,SYC,SII - Covishield,Covishield,Serum Institute of India,,2021-01-10,,,REPORTING
666,SYR,SII - Covishield,Covishield,Serum Institute of India,2021-02-03,2021-04-01,,,REPORTING
667,SYR,Sinovac - CoronaVac,Coronavac,Sinovac,,,,,REPORTING
668,SYR,Gamaleya - Sputnik V,Sputnik V,Gamaleya Research Institute,,,,,REPORTING
669,SYR,Beijing CNBG - BBIBP-CorV,BBIBP-CorV,Beijing Bio-Institute Biological Products (CNBG),,,,,REPORTING
670,SYR,Janssen - Ad26.COV 2.5,Ad26.COV 2.5,Janssen Pharmaceuticals,,,,,REPORTING
671,TCA,Pfizer BioNTech - Comirnaty,Comirnaty,Pfizer BioNTech,,2021-01-11,,,REPORTING
672,TCD,Beijing CNBG - BBIBP-CorV,BBIBP-CorV,Beijing Bio-Institute Biological Products (CNBG),2021-05-07,2021-06-04,,,REPORTING
673,TGO,SII - Covishield,Covishield,Serum Institute of India,,2021-03-10,,,REPORTING
674,THA,Sinovac - CoronaVac,Coronavac,Sinovac,2021-02-22,2021-02-28,,,REPORTING
675,THA,SII - Covishield,Covishield,Serum Institute of India,2021-01-21,2021-03-16,,,REPORTING
676,THA,Beijing CNBG - BBIBP-CorV,BBIBP-CorV,Beijing Bio-Institute Biological Products (CNBG),2021-05-28,2021-06-25,,,REPORTING
677,THA,Pfizer BioNTech - Comirnaty,Comirnaty,Pfizer BioNTech,,2021-08-06,,,REPORTING
678,THA,AstraZeneca - Vaxzevria,Vaxzevria,AstraZeneca,2021-01-20,2021-03-16,,,REPORTING
679,THA,Janssen - Ad26.COV 2.5,Ad26.COV 2.5,Janssen Pharmaceuticals,2021-03-25,,,,REPORTING
680,THA,Moderna - mRNA-1273,mRNA-1273,Moderna,2021-05-13,,,,REPORTING
681,TJK,Moderna - mRNA-1273,mRNA-1273,Moderna,,2021-07-28,,,REPORTING
682,TJK,AstraZeneca - Vaxzevria,Vaxzevria,AstraZeneca,,2021-04-14,,,REPORTING
683,TJK,Gamaleya - Sputnik V,Sputnik V,Gamaleya Research Institute,,2021-08-18,,,REPORTING
684,TJK,SII - Covishield,Covishield,Serum Institute of India,,2021-03-24,,,REPORTING
685,TJK,Sinovac - CoronaVac,Coronavac,Sinovac,,2021-06-09,,,REPORTING
686,TKL,Pfizer BioNTech - Comirnaty,Comirnaty,Pfizer BioNTech,,2021-07-20,,,REPORTING
687,TKM,AstraZeneca - Vaxzevria,Vaxzevria,AstraZeneca,,2021-02-24,,,REPORTING
688,TKM,Gamaleya - Sputnik V,Sputnik V,Gamaleya Research Institute,,2021-02-24,,,REPORTING
689,TKM,Beijing CNBG - BBIBP-CorV,BBIBP-CorV,Beijing Bio-Institute Biological Products (CNBG),,2021-02-24,,,REPORTING
690,TKM,SRCVB - EpiVacCorona,EpiVacCorona,State Research Center of Virology & Biotechnology,,2021-02-24,,,REPORTING
691,TLS,AstraZeneca - Vaxzevria,Vaxzevria,AstraZeneca,2021-02-23,2021-04-07,,,REPORTING
692,TLS,Sinovac - CoronaVac,Coronavac,Sinovac,,2021-06-14,,,REPORTING
693,TLS,SII - Covishield,Covishield,Serum Institute of India,2021-02-23,2021-04-07,,,REPORTING
694,TON,AstraZeneca - Vaxzevria,Vaxzevria,AstraZeneca,2021-02-22,2021-04-14,,,REPORTING
695,TTO,AstraZeneca - Vaxzevria,Vaxzevria,AstraZeneca,,,,,REPORTING
696,TTO,Pfizer BioNTech - Comirnaty,Comirnaty,Pfizer BioNTech,,,,,REPORTING
697,TTO,Beijing CNBG - BBIBP-CorV,BBIBP-CorV,Beijing Bio-Institute Biological Products (CNBG),,,,,REPORTING
698,TTO,Janssen - Ad26.COV 2.5,Ad26.COV 2.5,Janssen Pharmaceuticals,,,,,REPORTING
699,TTO,SII - Covishield,Covishield,Serum Institute of India,,2021-02-17,,,REPORTING
700,TUN,Sinovac - CoronaVac,Coronavac,Sinovac,,,,,REPORTING
701,TUN,Janssen - Ad26.COV 2.5,Ad26.COV 2.5,Janssen Pharmaceuticals,,,,,REPORTING
702,TUN,Moderna - mRNA-1273,mRNA-1273,Moderna,,,,,REPORTING
703,TUN,Pfizer BioNTech - Comirnaty,Comirnaty,Pfizer BioNTech,,,,,REPORTING
704,TUN,Beijing CNBG - BBIBP-CorV,BBIBP-CorV,Beijing Bio-Institute Biological Products (CNBG),,,,,REPORTING
705,TUN,Gamaleya - Sputnik V,Sputnik V,Gamaleya Research Institute,,,,,REPORTING
706,TUN,AstraZeneca - Vaxzevria,Vaxzevria,AstraZeneca,2021-01-11,2021-03-13,,,REPORTING
707,TUR,Pfizer BioNTech - Comirnaty,Comirnaty,Pfizer BioNTech,,,,,OWID
708,TUR,Sinovac - CoronaVac,Coronavac,Sinovac,,,,,OWID
709,TUV,AstraZeneca - Vaxzevria,Vaxzevria,AstraZeneca,2021-03-02,2021-04-13,,,REPORTING
710,TZA,Janssen - Ad26.COV 2.5,Ad26.COV 2.5,Janssen Pharmaceuticals,,,,,OWID
711,UGA,SII - Covishield,Covishield,Serum Institute of India,,2021-03-10,,,REPORTING
712,UKR,Sinovac - CoronaVac,Coronavac,Sinovac,,2021-04-14,,,REPORTING
713,UKR,Janssen - Ad26.COV 2.5,Ad26.COV 2.5,Janssen Pharmaceuticals,,2021-05-19,,,REPORTING
714,UKR,SII - Covishield,Covishield,Serum Institute of India,,2021-02-24,,,REPORTING
715,UKR,Moderna - mRNA-1273,mRNA-1273,Moderna,,2021-07-21,,,REPORTING
716,UKR,AstraZeneca - Vaxzevria,Vaxzevria,AstraZeneca,,2021-04-28,,,REPORTING
717,UKR,Pfizer BioNTech - Comirnaty,Comirnaty,Pfizer BioNTech,,2021-04-14,,,REPORTING
718,URY,Pfizer BioNTech - Comirnaty,Comirnaty,Pfizer BioNTech,,2021-03-12,,,REPORTING
719,URY,AstraZeneca - Vaxzevria,Vaxzevria,AstraZeneca,,2021-04-17,,,REPORTING
720,URY,Sinovac - CoronaVac,Coronavac,Sinovac,,2021-02-27,,,REPORTING
721,USA,Moderna - mRNA-1273,mRNA-1273,Moderna,,2020-12-21,,,REPORTING
722,USA,Pfizer BioNTech - Comirnaty,Comirnaty,Pfizer BioNTech,,2020-12-14,,,REPORTING
723,USA,Janssen - Ad26.COV 2.5,Ad26.COV 2.5,Janssen Pharmaceuticals,,,,,REPORTING
724,UZB,Moderna - mRNA-1273,mRNA-1273,Moderna,,2021-07-28,,,REPORTING
725,UZB,Anhui ZL - Recombinant,Recombinant SARS-CoV-2 vaccine,Anhui Zhifei Longcom Biopharmaceutical,,2021-04-28,,,REPORTING
726,UZB,Gamaleya - Sputnik V,Sputnik V,Gamaleya Research Institute,,2021-04-28,,,REPORTING
727,UZB,SII - Covishield,Covishield,Serum Institute of India,,2021-04-28,,,REPORTING
728,VCT,SII - Covishield,Covishield,Serum Institute of India,,2021-02-14,,,REPORTING
729,VCT,Gamaleya - Sputnik V,Sputnik V,Gamaleya Research Institute,,2021-02-01,,,REPORTING
730,VCT,Pfizer BioNTech - Comirnaty,Comirnaty,Pfizer BioNTech,,,,,REPORTING
731,VCT,AstraZeneca - Vaxzevria,Vaxzevria,AstraZeneca,,,,,REPORTING
732,VEN,Beijing CNBG - BBIBP-CorV,BBIBP-CorV,Beijing Bio-Institute Biological Products (CNBG),,2021-03-08,,,REPORTING
733,VEN,Wuhan CNBG - Inactivated,Inactivated SARS-CoV-2 vaccine,Wuhan Institute of Biological Products (CNBG),,2021-03-08,,,REPORTING
734,VEN,Gamaleya - Sputnik V,Sputnik V,Gamaleya Research Institute,,2021-02-22,,,REPORTING
735,VGB,AstraZeneca - Vaxzevria,Vaxzevria,AstraZeneca,,2021-02-11,,,REPORTING
736,VGB,Janssen - Ad26.COV 2.5,Ad26.COV 2.5,Janssen Pharmaceuticals,,,,,REPORTING
737,VNM,Moderna - mRNA-1273,mRNA-1273,Moderna,2021-06-28,2021-07-01,,,REPORTING
738,VNM,AstraZeneca - Vaxzevria,Vaxzevria,AstraZeneca,2021-02-01,2021-03-08,,,REPORTING
739,VNM,Pfizer BioNTech - Comirnaty,Comirnaty,Pfizer BioNTech,2021-06-12,2021-07-01,,,REPORTING
740,VNM,Beijing CNBG - BBIBP-CorV,BBIBP-CorV,Beijing Bio-Institute Biological Products (CNBG),2021-06-03,2021-07-10,,,REPORTING
741,VNM,Gamaleya - Sputnik V,Sputnik V,Gamaleya Research Institute,2021-03-23,,,,REPORTING
742,VUT,Beijing CNBG - BBIBP-CorV,BBIBP-CorV,Beijing Bio-Institute Biological Products (CNBG),2021-06-02,2021-06-15,,,REPORTING
743,VUT,AstraZeneca - Vaxzevria,Vaxzevria,AstraZeneca,2021-05-10,2021-06-02,,,REPORTING
744,WLF,Moderna - mRNA-1273,mRNA-1273,Moderna,2021-01-06,2021-03-19,,,REPORTING
745,WSM,AstraZeneca - Vaxzevria,Vaxzevria,AstraZeneca,2021-02-23,2021-04-18,,,REPORTING
746,XKX,AstraZeneca - AZD1222,AZD1222,AstraZeneca,,,,,OWID
747,YEM,SII - Covishield,Covishield,Serum Institute of India,2021-02-27,2021-04-20,,,REPORTING
748,ZAF,Janssen - Ad26.COV 2.5,Ad26.COV 2.5,Janssen Pharmaceuticals,,2021-02-17,,,REPORTING
749,ZMB,SII - Covishield,Covishield,Serum Institute of India,2021-02-28,2021-04-14,,,REPORTING
750,ZWE,Sinovac - CoronaVac,Coronavac,Sinovac,,2021-02-18,,,REPORTING
751,ZWE,Beijing CNBG - BBIBP-CorV,BBIBP-CorV,Beijing Bio-Institute Biological Products (CNBG),,,,,REPORTING
752,ZWE,Bharat - Covaxin,Covaxin,Bharat Biotech,,2021-02-18,,,REPORTING
